<!-- Aseprite -->
<!-- Copyright (C) 2001-2016 by David Capello -->
<gui>
<window id="jpeg_options" text="@.title">
  <grid columns="2">
    <label text="@.quality" />
    <slider min="0" max="10" id="quality" cell_align="horizontal" width="128" />

    <separator horizontal="true" cell_hspan="2" />

    <box horizontal="true" homogeneous="true" cell_hspan="2" cell_align="right">
      <button text="@general.ok" closewindow="true" id="ok" magnet="true" minwidth="60" />
      <button text="@general.cancel" closewindow="true" />
    </box>
  </grid>
</window>
</gui>
